{
  "FastText": {
    "accuracy": 0.5841446453407511,
    "f1_macro": 0.5697361609770005,
    "f1_weighted": 0.585904296451373,
    "precision_macro": 0.5728129560105307,
    "recall_macro": 0.5940994894799243,
    "per_class_report": {
      "खेल": {
        "precision": 0.7044025157232704,
        "recall": 0.8115942028985508,
        "f1-score": 0.7542087542087543,
        "support": 138
      },
      "भारत": {
        "precision": 0.5348837209302325,
        "recall": 0.4825174825174825,
        "f1-score": 0.5073529411764706,
        "support": 143
      },
      "मनोरंजन": {
        "precision": 0.7142857142857143,
        "recall": 0.7142857142857143,
        "f1-score": 0.7142857142857143,
        "support": 105
      },
      "विज्ञान": {
        "precision": 0.6033057851239669,
        "recall": 0.5069444444444444,
        "f1-score": 0.5509433962264151,
        "support": 144
      },
      "विदेश": {
        "precision": 0.6,
        "recall": 0.4405594405594406,
        "f1-score": 0.5080645161290324,
        "support": 143
      },
      "सोशल": {
        "precision": 0.28,
        "recall": 0.6086956521739131,
        "f1-score": 0.3835616438356165,
        "support": 46
      },
      "accuracy": 0.5841446453407511,
      "macro avg": {
        "precision": 0.5728129560105307,
        "recall": 0.5940994894799243,
        "f1-score": 0.5697361609770005,
        "support": 719
      },
      "weighted avg": {
        "precision": 0.6039665539926089,
        "recall": 0.5841446453407511,
        "f1-score": 0.585904296451373,
        "support": 719
      }
    }
  },
  "Word2Vec": {
    "accuracy": 0.6230876216968011,
    "f1_macro": 0.6106573977433213,
    "f1_weighted": 0.616707442207947,
    "precision_macro": 0.6190738587136498,
    "recall_macro": 0.6151721768569595,
    "per_class_report": {
      "खेल": {
        "precision": 0.6686046511627907,
        "recall": 0.8333333333333334,
        "f1-score": 0.7419354838709677,
        "support": 138
      },
      "भारत": {
        "precision": 0.48344370860927155,
        "recall": 0.5104895104895105,
        "f1-score": 0.4965986394557823,
        "support": 143
      },
      "मनोरंजन": {
        "precision": 0.7213114754098361,
        "recall": 0.8380952380952381,
        "f1-score": 0.775330396475771,
        "support": 105
      },
      "विज्ञान": {
        "precision": 0.7040816326530612,
        "recall": 0.4791666666666667,
        "f1-score": 0.5702479338842975,
        "support": 144
      },
      "विदेश": {
        "precision": 0.5985401459854015,
        "recall": 0.5734265734265734,
        "f1-score": 0.5857142857142857,
        "support": 143
      },
      "सोशल": {
        "precision": 0.5384615384615384,
        "recall": 0.45652173913043476,
        "f1-score": 0.49411764705882355,
        "support": 46
      },
      "accuracy": 0.6230876216968011,
      "macro avg": {
        "precision": 0.6190738587136498,
        "recall": 0.6151721768569595,
        "f1-score": 0.6106573977433213,
        "support": 719
      },
      "weighted avg": {
        "precision": 0.6243196437507758,
        "recall": 0.6230876216968011,
        "f1-score": 0.616707442207947,
        "support": 719
      }
    }
  },
  "CC_Pretrained": {
    "accuracy": 0.5159944367176634,
    "f1_macro": 0.4789437777767311,
    "f1_weighted": 0.5088540040791263,
    "precision_macro": 0.4798845510521315,
    "recall_macro": 0.48825122140339533,
    "per_class_report": {
      "खेल": {
        "precision": 0.6835443037974683,
        "recall": 0.782608695652174,
        "f1-score": 0.7297297297297297,
        "support": 138
      },
      "भारत": {
        "precision": 0.38613861386138615,
        "recall": 0.2727272727272727,
        "f1-score": 0.319672131147541,
        "support": 143
      },
      "मनोरंजन": {
        "precision": 0.7130434782608696,
        "recall": 0.780952380952381,
        "f1-score": 0.7454545454545454,
        "support": 105
      },
      "विज्ञान": {
        "precision": 0.5636363636363636,
        "recall": 0.4305555555555556,
        "f1-score": 0.4881889763779528,
        "support": 144
      },
      "विदेश": {
        "precision": 0.40331491712707185,
        "recall": 0.5104895104895105,
        "f1-score": 0.4506172839506173,
        "support": 143
      },
      "सोशल": {
        "precision": 0.12962962962962962,
        "recall": 0.15217391304347827,
        "f1-score": 0.13999999999999999,
        "support": 46
      },
      "accuracy": 0.5159944367176634,
      "macro avg": {
        "precision": 0.4798845510521315,
        "recall": 0.48825122140339533,
        "f1-score": 0.4789437777767311,
        "support": 719
      },
      "weighted avg": {
        "precision": 0.5135147891507522,
        "recall": 0.5159944367176634,
        "f1-score": 0.5088540040791263,
        "support": 719
      }
    }
  },
  "Random": {
    "accuracy": 0.5716272600834492,
    "f1_macro": 0.5531612766907387,
    "f1_weighted": 0.5608173476406514,
    "precision_macro": 0.5480131630990968,
    "recall_macro": 0.5687051173464216,
    "per_class_report": {
      "खेल": {
        "precision": 0.6826347305389222,
        "recall": 0.8260869565217391,
        "f1-score": 0.7475409836065575,
        "support": 138
      },
      "भारत": {
        "precision": 0.46956521739130436,
        "recall": 0.3776223776223776,
        "f1-score": 0.4186046511627907,
        "support": 143
      },
      "मनोरंजन": {
        "precision": 0.6231884057971014,
        "recall": 0.819047619047619,
        "f1-score": 0.7078189300411524,
        "support": 105
      },
      "विज्ञान": {
        "precision": 0.5847457627118644,
        "recall": 0.4791666666666667,
        "f1-score": 0.5267175572519084,
        "support": 144
      },
      "विदेश": {
        "precision": 0.5112781954887218,
        "recall": 0.4755244755244755,
        "f1-score": 0.49275362318840576,
        "support": 143
      },
      "सोशल": {
        "precision": 0.4166666666666667,
        "recall": 0.43478260869565216,
        "f1-score": 0.425531914893617,
        "support": 46
      },
      "accuracy": 0.5716272600834492,
      "macro avg": {
        "precision": 0.5480131630990968,
        "recall": 0.5687051173464216,
        "f1-score": 0.5531612766907387,
        "support": 719
      },
      "weighted avg": {
        "precision": 0.5608748817275185,
        "recall": 0.5716272600834492,
        "f1-score": 0.5608173476406514,
        "support": 719
      }
    }
  }
}